"Pred_common","Prey_Name_Clean","Len_bin","NStomachs","Percent_Occur","Percent_Weight"
"Pacific cod","Polychaeta","(40,60]",2003,37.3833519970138,4.98762119541112
"Pacific cod","Gastropod","(40,60]",342,6.38297872340426,0.432142767344917
"Pacific cod","Crangonidae","(40,60]",1811,33.7999253452781,5.31459274529225
"Pacific cod","Gammaridea","(40,60]",1480,27.6222471071295,1.33381078245854
"Pacific cod","Paguridae","(40,60]",915,17.077267637178,6.15844289435881
"Pacific cod","Chionoecetes bairdi","(40,60]",1084,20.2314296379246,11.7416874248961
"Pacific cod","Brachyura","(40,60]",740,13.8111235535648,2.64131899404263
"Pacific cod","Stichaeidae","(40,60]",244,4.55393803658081,1.71286667178379
"Pacific cod","Hippoglossoides elassodon","(40,60]",40,0.746547219111609,0.412400847012423
"Pacific cod","Zoarcidae","(40,60]",150,2.79955207166853,1.29978309461943
"Pacific cod","Gammaridea","(60,80]",587,19.1517128874388,0.42283485850872
"Pacific cod","Euphausiacea","(60,80]",687,22.4143556280587,2.07421841367127
"Pacific cod","Euphausiacea","(40,60]",1332,24.8600223964166,6.26013064564268
"Pacific cod","Majidae","(40,60]",427,7.96939156401642,3.00479123757513
"Pacific cod","Teleostei unid","(40,60]",1132,21.1272863008585,4.21129378638681
"Pacific cod","Octopoda","(40,60]",402,7.50279955207167,1.6006816945442
"Pacific cod","Ammodytidae","(40,60]",199,3.71407241508025,3.6097768106788
"Pacific cod","Caridea","(40,60]",970,18.1037700634565,2.7915287091506
"Pacific cod","Hippolytidae","(40,60]",876,16.3493840985442,1.62363830772984
"Pacific cod","Teleostei unid","(60,80]",705,23.0016313213703,3.85430190692924
"Pacific cod","Crangonidae","(60,80]",791,25.8075040783034,1.65322488551331
"Pacific cod","Gadidae","(40,60]",40,0.746547219111609,0.389609900463682
"Pacific cod","Isopoda","(40,60]",182,3.39678984695782,0.176222301502003
"Pacific cod","Pandalidae","(40,60]",1589,29.6565882792087,12.5689725884087
"Pacific cod","Polychaeta","(60,80]",893,29.1353996737357,2.84350541631911
"Pacific cod","Bivalvia","(60,80]",276,9.00489396411093,0.30940227022479
"Pacific cod","Hippolytidae","(60,80]",333,10.8646003262643,0.56014011199844
"Pacific cod","Pandalidae","(60,80]",1036,33.8009787928222,7.78669435618519
"Pacific cod","Chionoecetes bairdi","(60,80]",658,21.468189233279,9.90259321301845
"Pacific cod","Paguridae","(60,80]",514,16.7699836867863,2.76129861489979
"Pacific cod","Brachyura","(60,80]",293,9.55954323001631,1.06804187287761
"Pacific cod","Stichaeidae","(60,80]",141,4.60032626427406,1.04365303792426
"Pacific cod","Zoarcidae","(60,80]",108,3.52365415986949,0.860392580868799
"Pacific cod","Gadus chalcogrammus","(40,60]",133,2.4822695035461,6.21242114674041
"Pacific cod","Agonidae","(40,60]",115,2.14632325494588,0.31073784824409
"Pacific cod","Pleuronectiformes","(60,80]",184,6.00326264274062,2.43201662646262
"Pacific cod","Octopoda","(60,80]",331,10.7993474714519,1.67631344979387
"Walleye pollock","Euphausiacea","(40,60]",4913,69.985754985755,46.098699270541
"Walleye pollock","Copepoda","(40,60]",2099,29.9002849002849,5.92803117587856
"Walleye pollock","Appendicularia","(40,60]",836,11.9088319088319,5.90240659278849
"Walleye pollock","Gammaridea","(40,60]",612,8.71794871794872,0.646326592034468
"Walleye pollock","Hyperiidea","(40,60]",1794,25.5555555555556,1.48351072356002
"Pacific cod","Pleuronectiformes","(40,60]",233,4.34863755132512,1.08188790957144
"Pacific cod","Cottidae","(40,60]",399,7.4468085106383,2.04100951168739
"Pacific cod","Gastropod","(60,80]",187,6.10114192495922,0.19306044142814
"Pacific cod","Osmeridae","(40,60]",111,2.07166853303471,3.15284734809953
"Pacific cod","Mysidacea","(60,80]",45,1.46818923327896,0.0117971730972707
"Pacific cod","Caridea","(60,80]",423,13.8009787928222,0.998696571766393
"Pacific cod","Majidae","(60,80]",235,7.66721044045677,1.82712901745942
"Pacific cod","Hyperiidea","(60,80]",30,0.97879282218597,0.0171021205007897
"Pacific cod","Copepoda","(40,60]",53,0.989175065322882,0.0421689826921733
"Pacific cod","Myctophidae","(20,40]",5,0.275633958103638,0.388246662438036
"Pacific cod","Euphausiacea","(20,40]",322,17.7508269018743,7.70658847691667
"Pacific cod","Cephalopoda","(40,60]",91,1.69839492347891,0.155938380050332
"Pacific cod","Bivalvia","(40,60]",312,5.82306830907055,0.468027251687449
"Pacific cod","Myctophidae","(40,60]",5,0.0933184023889511,0.0166505705228776
"Pacific cod","Gadus chalcogrammus","(60,80]",387,12.626427406199,29.4438402367666
"Pacific cod","Gadus chalcogrammus","(80,280]",91,48.4042553191489,61.0700972801831
"Pacific cod","Gadus macrocephalus","(60,80]",5,0.163132137030995,0.584313935825961
"Pacific cod","Annelida","(60,80]",162,5.28548123980424,0.457167745166004
"Pacific cod","Annelida","(40,60]",284,5.30048525569242,1.12334541168236
"Pacific cod","Cottidae","(60,80]",196,6.39477977161501,1.86375104205254
"Pacific cod","Unid","(40,60]",143,2.668906308324,0.461614918810893
"Pacific cod","Atheresthes stomias","(40,60]",32,0.597237775289287,0.423750480010009
"Pacific cod","Hyperiidea","(40,60]",56,1.04516610675625,0.0199768718022778
"Pacific cod","Offal","(40,60]",34,0.634565136244868,2.07014566564682
"Pacific cod","Pleurogrammus monopterygius","(60,80]",14,0.456769983686786,2.63465839688124
"Pacific cod","Teuthida","(40,60]",136,2.53826054497947,0.310881119160305
"Pacific cod","Gammaridea","(20,40]",613,33.7927232635061,4.00208447917558
"Pacific cod","Crangonidae","(20,40]",542,29.8787210584344,11.7049788698547
"Pacific cod","Polychaeta","(20,40]",667,36.7695700110254,8.34120760151528
"Pacific cod","Teleostei unid","(20,40]",262,14.4432194046306,3.94323996782573
"Pacific cod","Copepoda","(20,40]",55,3.03197353914002,0.432831693833185
"Pacific cod","Crustacea","(20,40]",38,2.09481808158765,0.125612514361845
"Pacific cod","Hyperiidea","(20,40]",18,0.992282249173098,0.0502692176439849
"Pacific cod","Caridea","(20,40]",250,13.7816979051819,2.50714984397356
"Pacific cod","Teuthida","(60,80]",103,3.3605220228385,0.518065966538013
"Pacific cod","Invertebrate","(40,60]",47,0.87719298245614,0.124090246216613
"Pacific cod","Cnidaria","(60,80]",20,0.65252854812398,0.120926984479406
"Pacific cod","Unid","(60,80]",92,3.00163132137031,0.233073340992195
"Pacific cod","Isopoda","(60,80]",88,2.87112561174551,0.0755043600324265
"Pacific cod","Agonidae","(60,80]",45,1.46818923327896,0.119647407733449
"Pacific cod","Copepoda","(60,80]",17,0.554649265905383,0.00963173552719027
"Pacific cod","Chionoecetes bairdi","(20,40]",154,8.48952590959206,4.37761472733531
"Pacific cod","Hippolytidae","(20,40]",186,10.2535832414553,2.62231920518274
"Pacific cod","Mysidacea","(40,60]",134,2.50093318402389,0.0554266323786231
"Pacific cod","Paguridae","(80,280]",14,7.4468085106383,0.437993237768292
"Pacific cod","Offal","(80,280]",10,5.31914893617021,5.78743922965134
"Pacific cod","Stichaeidae","(20,40]",50,2.75633958103638,2.61234582192888
"Pacific cod","Atheresthes stomias","(60,80]",23,0.750407830342578,1.83217747733144
"Pacific cod","Pandalidae","(20,40]",181,9.97794928335171,5.73480978695691
"Pacific cod","Fish Eggs","(40,60]",6,0.111982082866741,0.00697290455200692
"Pacific cod","Anomura","(40,60]",481,8.9772303098171,6.11081455063834
"Pacific cod","Echinodermata","(20,40]",2,0.110253583241455,0.102590541382687
"Pacific cod","Ammodytidae","(60,80]",141,4.60032626427406,3.95528377412074
"Pacific cod","Anomura","(60,80]",182,5.93800978792822,1.8181840028779
"Pacific cod","Mollusca","(40,60]",47,0.87719298245614,0.0899950133774682
"Pacific cod","Hippoglossus stenolepis","(40,60]",3,0.0559910414333707,0.0015572120942546
"Pacific cod","Brachyura","(20,40]",386,21.2789415656009,5.67943318727359
"Pacific cod","Gammaridea","(0,20]",179,48.1182795698925,13.0866572760275
"Pacific cod","Teleostei unid","(0,20]",15,4.03225806451613,1.44944133331806
"Pacific cod","Offal","(60,80]",59,1.92495921696574,4.00361607502886
"Pacific cod","Osmeridae","(20,40]",29,1.5986769570011,3.18937148172775
"Pacific cod","Euphausiacea","(0,20]",81,21.7741935483871,11.1822661978982
"Pacific cod","Amphipoda","(40,60]",20,0.373273609555804,0.0065632417823615
"Pacific cod","Hippoglossoides elassodon","(60,80]",32,1.04404567699837,0.843786358513777
"Pacific cod","Unid Eggs","(40,60]",10,0.186636804777902,0.0107272417294864
"Pacific cod","Echinodermata","(40,60]",14,0.261291526689063,0.018523667162401
"Pacific cod","Cephalopoda","(60,80]",52,1.69657422512235,0.114602462695611
"Pacific cod","Lepidopsetta sp.","(60,80]",9,0.293637846655791,0.150004403879472
"Pacific cod","Cumacea","(60,80]",3,0.097879282218597,0.00187389706048801
"Pacific cod","Lithodidae","(60,80]",18,0.587275693311582,0.449555942610169
"Pacific cod","Caprellidae","(0,20]",14,3.76344086021505,0.695518069345671
"Pacific cod","Unid","(0,20]",3,0.806451612903226,0.122154655428438
"Pacific cod","Gadidae","(60,80]",52,1.69657422512235,1.15656027429692
"Pacific cod","Cumacea","(40,60]",44,0.82120194102277,0.227212434156247
"Pacific cod","Osmeridae","(60,80]",79,2.57748776508972,2.08111220235851
"Pacific cod","Cnidaria","(40,60]",27,0.503919372900336,0.177657910385569
"Pacific cod","Majidae","(20,40]",91,5.01653803748622,1.48610865975883
"Pacific cod","Cottidae","(20,40]",109,6.00882028665932,3.32341741397122
"Pacific cod","Bivalvia","(20,40]",62,3.41786108048512,0.269349997446603
"Pacific cod","Paguridae","(20,40]",298,16.4277839029768,10.9317847115181
"Pacific cod","Gadus chalcogrammus","(20,40]",14,0.771775082690187,1.12607476528486
"Pacific cod","Mysidacea","(0,20]",27,7.25806451612903,0.705443135099232
"Pacific cod","Cyclopteridae","(40,60]",13,0.242627846211273,0.0239874826563466
"Pacific cod","Sebastes sp.","(40,60]",19,0.354609929078014,0.361806261037208
"Pacific cod","Octopoda","(20,40]",16,0.882028665931643,0.13644291026893
"Pacific cod","Ophiurida","(60,80]",34,1.10929853181077,0.0671480461177618
"Pacific cod","Echinodermata","(60,80]",26,0.848287112561175,0.0788167506633756
"Pacific cod","Fish Eggs","(60,80]",5,0.163132137030995,0.0633480744196017
"Pacific cod","Crustacea","(60,80]",31,1.01141924959217,0.0355802032197494
"Pacific cod","Caridea","(0,20]",50,13.4408602150538,4.75964162877964
"Pacific cod","Polychaeta","(0,20]",78,20.9677419354839,4.95543263743353
"Pacific cod","Paguridae","(0,20]",42,11.2903225806452,12.6259051850834
"Pacific cod","Ammodytidae","(20,40]",71,3.91400220507166,6.44823406696511
"Pacific cod","Ammodytidae","(0,20]",5,1.34408602150538,3.4596488817123
"Pacific cod","Crangonidae","(0,20]",35,9.40860215053763,6.17491783190756
"Pacific cod","Cumacea","(0,20]",37,9.94623655913978,1.67542744586068
"Pacific cod","Amphipoda","(60,80]",2,0.065252854812398,0.000441397780878309
"Pacific cod","Decapoda","(60,80]",3,0.097879282218597,0.000486354962264063
"Pacific cod","Gastropod","(20,40]",49,2.70121278941566,0.694564096295957
"Pacific cod","Mollusca","(60,80]",25,0.815660685154975,0.0725850518357543
"Pacific cod","Crustacea","(40,60]",75,1.39977603583427,0.146242377968748
"Pacific cod","Decapoda","(20,40]",8,0.441014332965821,0.0236678696816312
"Pacific cod","Hippolytidae","(0,20]",17,4.56989247311828,2.97771059271729
"Pacific cod","Mysidacea","(20,40]",69,3.80374862183021,0.254276613830007
"Pacific cod","Decapoda","(40,60]",10,0.186636804777902,0.0203733192458302
"Pacific cod","Zoarcidae","(20,40]",21,1.15766262403528,0.823414214014432
"Pacific cod","Cyclopteridae","(60,80]",8,0.261011419249592,0.383671397640172
"Pacific cod","Agonidae","(20,40]",7,0.385887541345094,0.103048205331869
"Pacific cod","Hippolytidae","(80,280]",5,2.65957446808511,0.0144564263337422
"Pacific cod","Crangonidae","(80,280]",9,4.78723404255319,0.0375488252411677
"Pacific cod","Chionoecetes bairdi","(80,280]",16,8.51063829787234,1.92332205867243
"Pacific cod","Thecosomata","(20,40]",13,0.71664829106946,0.0398462902852027
"Pacific cod","Annelida","(20,40]",76,4.1896361631753,1.54944344498429
"Pacific cod","Unid Eggs","(20,40]",2,0.110253583241455,0.132279644666697
"Pacific cod","Ophiurida","(40,60]",40,0.746547219111609,0.122982490941164
"Pacific cod","Gadidae","(80,280]",5,2.65957446808511,2.51427700833273
"Pacific cod","Cottidae","(0,20]",5,1.34408602150538,0.714223000958151
"Pacific cod","Isopoda","(20,40]",41,2.26019845644983,0.300050390424772
"Pacific cod","Pleuronectiformes","(80,280]",17,9.04255319148936,4.12771195864148
"Pacific cod","Zoarcidae","(80,280]",2,1.06382978723404,0.114842299781637
"Pacific cod","Clupeoidei","(60,80]",25,0.815660685154975,0.888368889909622
"Pacific cod","Chionoecetes bairdi","(0,20]",4,1.0752688172043,0.74667033130633
"Pacific cod","Myctophidae","(60,80]",1,0.032626427406199,0.0053212954694774
"Pacific cod","Pleuronectiformes","(20,40]",46,2.53583241455347,1.03460102886133
"Pacific cod","Teuthida","(80,280]",4,2.12765957446809,2.01132369489482
"Pacific cod","Octopoda","(80,280]",6,3.19148936170213,0.80105719495008
"Pacific cod","Polychaeta","(80,280]",13,6.91489361702128,0.471657605819676
"Pacific cod","Pandalidae","(80,280]",14,7.4468085106383,0.471438046798571
"Walleye pollock","Mysidacea","(40,60]",554,7.89173789173789,1.16136143194404
"Walleye pollock","Caridea","(40,60]",922,13.1339031339031,3.71927445543125
"Walleye pollock","Teleostei unid","(40,60]",628,8.94586894586894,3.05408389301302
"Walleye pollock","Paguridae","(40,60]",278,3.96011396011396,0.124752322118352
"Walleye pollock","Thecosomata","(40,60]",316,4.5014245014245,0.85520044393255
"Walleye pollock","Osmeridae","(40,60]",223,3.17663817663818,6.54319562523336
"Walleye pollock","Annelida","(40,60]",12,0.170940170940171,0.0687291039773676
"Walleye pollock","Hyperiidea","(0,20]",159,8.90756302521008,1.71176241890769
"Walleye pollock","Euphausiacea","(0,20]",855,47.8991596638655,42.3068713424288
"Walleye pollock","Atheresthes stomias","(0,20]",1,0.0560224089635854,0.0165170392317798
"Walleye pollock","Copepoda","(0,20]",926,51.8767507002801,30.0895477634659
"Walleye pollock","Gammaridea","(0,20]",106,5.93837535014006,2.39967169208174
"Walleye pollock","Caridea","(0,20]",105,5.88235294117647,1.99818058460155
"Walleye pollock","Paguridae","(0,20]",41,2.296918767507,0.194901062935002
"Walleye pollock","Copepoda","(20,40]",914,37.8154737277617,9.89117154332298
"Walleye pollock","Euphausiacea","(20,40]",1511,62.5155151013653,45.8522219770637
"Walleye pollock","Hyperiidea","(20,40]",520,21.5142738932561,2.77454428123281
"Walleye pollock","Appendicularia","(20,40]",204,8.44021514273893,2.57548111077498
"Walleye pollock","Chaetognatha","(20,40]",91,3.76499793131982,0.343139558995672
"Walleye pollock","Ammodytidae","(40,60]",61,0.868945868945869,0.776504992761485
"Walleye pollock","Cumacea","(20,40]",52,2.15142738932561,0.538962036694915
"Walleye pollock","Caridea","(20,40]",237,9.80554406288788,3.98234303140959
"Walleye pollock","Polychaeta","(20,40]",40,1.65494414563508,0.29447667012889
"Walleye pollock","Copepoda","(60,80]",140,17.4129353233831,3.01091720971112
"Walleye pollock","Polychaeta","(0,20]",10,0.560224089635854,0.0693715647734753
"Walleye pollock","Chionoecetes bairdi","(40,60]",35,0.498575498575499,0.172988030793436
"Walleye pollock","Cumacea","(40,60]",155,2.20797720797721,2.41570331061464
"Walleye pollock","Mysidacea","(60,80]",82,10.1990049751244,2.22731631639451
"Walleye pollock","Mysidacea","(20,40]",130,5.37856847331403,1.31938741064724
"Walleye pollock","Pandalidae","(40,60]",967,13.7749287749288,11.7717169266321
"Walleye pollock","Amphipoda","(40,60]",57,0.811965811965812,0.0328478039486112
"Walleye pollock","Crangonidae","(40,60]",377,5.37037037037037,1.46468251342812
"Walleye pollock","Gadidae","(40,60]",28,0.398860398860399,0.197982288399941
"Walleye pollock","Thecosomata","(20,40]",77,3.18576748034754,0.217127327825066
"Walleye pollock","Gadus chalcogrammus","(40,60]",113,1.60968660968661,2.6651479849673
"Pacific cod","Osmeridae","(80,280]",3,1.59574468085106,0.153880730906757
"Walleye pollock","Hyperiidea","(60,80]",125,15.547263681592,0.233489329277649
"Walleye pollock","Pandalidae","(60,80]",170,21.1442786069652,13.441366501036
"Walleye pollock","Paguridae","(60,80]",14,1.74129353233831,0.0372684850344569
"Walleye pollock","Cyclopteridae","(60,80]",4,0.497512437810945,0.0308053757000597
"Walleye pollock","Euphausiacea","(60,80]",574,71.3930348258706,39.2333252930281
"Walleye pollock","Teleostei unid","(60,80]",85,10.5721393034826,1.91431595741314
"Walleye pollock","Cyclopteridae","(40,60]",17,0.242165242165242,0.0577180965710711
"Walleye pollock","Caridea","(60,80]",105,13.0597014925373,1.98894269288948
"Walleye pollock","Gadus macrocephalus","(60,80]",2,0.248756218905473,0.0024289463184826
"Walleye pollock","Gadus chalcogrammus","(60,80]",27,3.35820895522388,8.47352708093289
"Pacific cod","Cumacea","(20,40]",65,3.5832414553473,1.44262837008359
"Pacific cod","Teleostei unid","(80,280]",33,17.5531914893617,1.02871667882183
"Walleye pollock","Myctophidae","(40,60]",11,0.156695156695157,0.0859646119942697
"Walleye pollock","Zoarcidae","(60,80]",6,0.746268656716418,0.405359458646244
"Walleye pollock","Zoarcidae","(40,60]",25,0.356125356125356,0.232448929199014
"Walleye pollock","Myctophidae","(60,80]",4,0.497512437810945,1.00957569632304
"Walleye pollock","Hippoglossoides elassodon","(40,60]",5,0.0712250712250712,0.0278148255964086
"Walleye pollock","Hippolytidae","(40,60]",159,2.26495726495726,0.643894544888674
"Walleye pollock","Polychaeta","(40,60]",209,2.97720797720798,0.354034223073231
"Pacific cod","Euphausiacea","(80,280]",15,7.97872340425532,0.0830374603061715
"Pacific cod","Rajidae","(60,80]",5,0.163132137030995,0.190793509615234
"Pacific cod","Unid","(20,40]",27,1.48842337375965,0.215958330600943
"Pacific cod","Tunicata","(60,80]",6,0.195758564437194,0.0132698613723616
"Pacific cod","Majidae","(80,280]",4,2.12765957446809,0.140574832194529
"Walleye pollock","Chaetognatha","(40,60]",198,2.82051282051282,0.0957275107729755
"Pacific cod","Appendicularia","(20,40]",11,0.606394707828004,0.108030837036669
"Pacific cod","Appendicularia","(40,60]",14,0.261291526689063,0.0300781315448099
"Walleye pollock","Gammaridea","(60,80]",75,9.32835820895522,0.430051282069044
"Walleye pollock","Crangonidae","(60,80]",83,10.3233830845771,2.89427540566856
"Walleye pollock","Gadus macrocephalus","(40,60]",2,0.0284900284900285,0.00884672462603895
"Pacific cod","Bivalvia","(80,280]",5,2.65957446808511,0.0388186148722292
"Pacific cod","Unid Eggs","(60,80]",6,0.195758564437194,0.0129564553245497
"Pacific cod","Caprellidae","(40,60]",23,0.429264650989175,0.0306716489911938
"Walleye pollock","Gammaridea","(20,40]",195,8.06785270997104,1.38455961823698
"Walleye pollock","Pleuronectiformes","(40,60]",37,0.527065527065527,0.120488130844846
"Walleye pollock","Cottidae","(40,60]",28,0.398860398860399,0.120972323488407
"Pacific cod","Rajidae","(40,60]",3,0.0559910414333707,0.0744611440790759
"Walleye pollock","Brachyura","(0,20]",83,4.64985994397759,1.52938889495926
"Walleye pollock","Isopoda","(40,60]",20,0.284900284900285,0.0285265304459812
"Walleye pollock","Cottidae","(60,80]",11,1.3681592039801,0.430377605726615
"Walleye pollock","Brachyura","(40,60]",175,2.49287749287749,0.189261424692996
"Walleye pollock","Paguridae","(20,40]",50,2.06868018204386,0.435569375349347
"Walleye pollock","Chionoecetes bairdi","(20,40]",7,0.28961522548614,0.00577472367884425
"Walleye pollock","Crangonidae","(20,40]",67,2.77203144393877,1.40430780371894
"Walleye pollock","Brachyura","(20,40]",71,2.93752585850228,0.325993422918408
"Walleye pollock","Cephalopoda","(40,60]",38,0.541310541310541,0.0197643936914078
"Walleye pollock","Cephalopoda","(60,80]",7,0.870646766169154,0.0390954750914025
"Walleye pollock","Isopoda","(60,80]",3,0.373134328358209,0.0368883021324336
"Walleye pollock","Stichaeidae","(60,80]",7,0.870646766169154,0.288939005537756
"Walleye pollock","Stichaeidae","(40,60]",18,0.256410256410256,0.144826103241703
"Pacific cod","Caprellidae","(60,80]",4,0.130505709624796,0.00045706467742183
"Walleye pollock","Teuthida","(40,60]",124,1.76638176638177,0.490537608968509
"Walleye pollock","Crangonidae","(0,20]",16,0.896358543417367,0.721540506132905
"Walleye pollock","Gadus chalcogrammus","(0,20]",9,0.504201680672269,1.57775840907879
"Walleye pollock","Mysidacea","(0,20]",83,4.64985994397759,1.84685909440886
"Walleye pollock","Cumacea","(0,20]",44,2.46498599439776,0.813946987927317
"Walleye pollock","Osmeridae","(20,40]",63,2.60653702937526,10.1970435920948
"Pacific cod","Lithodidae","(40,60]",3,0.0559910414333707,0.0735603795554579
"Walleye pollock","Chionoecetes bairdi","(60,80]",2,0.248756218905473,0.000665320078540886
"Walleye pollock","Octopoda","(40,60]",13,0.185185185185185,0.0771645565386945
"Walleye pollock","Gadidae","(60,80]",4,0.497512437810945,0.233516786931684
"Walleye pollock","Polychaeta","(60,80]",51,6.34328358208955,0.554253867969227
"Walleye pollock","Pandalidae","(20,40]",174,7.19900703351262,8.80790299740589
"Walleye pollock","Appendicularia","(0,20]",132,7.39495798319328,2.84086722079217
"Walleye pollock","Hippolytidae","(60,80]",26,3.23383084577114,0.392205130236235
"Walleye pollock","Ammodytidae","(60,80]",9,1.11940298507463,1.01404284542182
"Walleye pollock","Bivalvia","(40,60]",53,0.754985754985755,0.0236062873086802
"Walleye pollock","Teleostei unid","(0,20]",53,2.96918767507003,2.30171294402249
"Walleye pollock","Majidae","(40,60]",22,0.313390313390313,0.0133911350999488
"Walleye pollock","Amphipoda","(20,40]",27,1.11708729830368,0.171963510657757
"Walleye pollock","Osmeridae","(60,80]",31,3.85572139303483,7.89782456090784
"Walleye pollock","Amphipoda","(0,20]",14,0.784313725490196,0.121336711279613
"Walleye pollock","Crustacea","(0,20]",83,4.64985994397759,0.928829348491742
"Walleye pollock","Chaetognatha","(0,20]",88,4.92997198879552,1.12658912975532
"Walleye pollock","Majidae","(20,40]",2,0.0827472072817542,0.000821699812009458
"Walleye pollock","Cumacea","(60,80]",19,2.36318407960199,2.20739473232848
"Walleye pollock","Teuthida","(60,80]",14,1.74129353233831,0.669956197818337
"Walleye pollock","Majidae","(0,20]",6,0.336134453781513,0.0118160357581194
"Walleye pollock","Unid","(40,60]",209,2.97720797720798,0.391967070667344
"Walleye pollock","Chaetognatha","(60,80]",9,1.11940298507463,0.0309954671510714
"Walleye pollock","Atheresthes stomias","(20,40]",3,0.124120810922631,0.0120515972428054
"Walleye pollock","Stichaeidae","(20,40]",12,0.496483243690525,0.329250549673234
"Walleye pollock","Chionoecetes bairdi","(0,20]",2,0.112044817927171,0.00203286636698829
"Walleye pollock","Gadus chalcogrammus","(20,40]",17,0.703351261894911,1.53495807382845
"Walleye pollock","Atheresthes stomias","(40,60]",8,0.113960113960114,0.1245162636205
"Walleye pollock","Crustacea","(40,60]",91,1.2962962962963,0.0848871375211874
"Walleye pollock","Appendicularia","(60,80]",137,17.0398009950249,6.3984465591447
"Walleye pollock","Unid Eggs","(40,60]",7,0.0997150997150997,0.003083082073763
"Walleye pollock","Clypeasteroida","(40,60]",1,0.0142450142450142,0.00172092566085163
"Walleye pollock","Gastropod","(40,60]",29,0.413105413105413,0.0147888767553388
"Walleye pollock","Pleuronectiformes","(60,80]",8,0.995024875621891,0.0895119521541674
"Walleye pollock","Reinhardtius hippoglossoides","(60,80]",1,0.124378109452736,0.00134120079324909
"Walleye pollock","Teleostei unid","(20,40]",158,6.53702937525859,3.01384426548516
"Walleye pollock","Hippolytidae","(20,40]",47,1.94455937112122,0.921570576660775
"Walleye pollock","Decapoda","(20,40]",12,0.496483243690525,0.0544832625351827
"Walleye pollock","Sebastes sp.","(40,60]",5,0.0712250712250712,0.0169175742931177
"Walleye pollock","Majidae","(60,80]",2,0.248756218905473,0.00058083498920236
"Walleye pollock","Bivalvia","(60,80]",6,0.746268656716418,0.0183121431141253
"Walleye pollock","Teuthida","(20,40]",24,0.992966487381051,0.173355835339218
"Walleye pollock","Annelida","(20,40]",10,0.413736036408771,0.173104760396659
"Walleye pollock","Invertebrate","(60,80]",3,0.373134328358209,0.0134648111133275
"Walleye pollock","Clupeoidei","(40,60]",6,0.0854700854700855,0.498441324668864
"Walleye pollock","Atheresthes stomias","(60,80]",4,0.497512437810945,0.247277295857696
"Walleye pollock","Sebastes sp.","(20,40]",3,0.124120810922631,0.0815080563523826
"Walleye pollock","Bivalvia","(20,40]",5,0.206868018204386,0.0131700219869294
"Walleye pollock","Bathylagidae","(40,60]",2,0.0284900284900285,0.000606699216029048
"Walleye pollock","Echinodermata","(60,80]",2,0.248756218905473,0.167291037526447
"Walleye pollock","Unid","(0,20]",34,1.9047619047619,0.550652677157952
"Arrowtooth flounder","Gadus chalcogrammus","(40,60]",936,19.4959383461779,52.1080732267203
"Arrowtooth flounder","Euphausiacea","(40,60]",1511,31.4726098729431,4.45696109421872
"Arrowtooth flounder","Gadus chalcogrammus","(60,80]",267,43.7704918032787,79.7265450718748
"Arrowtooth flounder","Pandalidae","(40,60]",507,10.560299937513,1.78081534661427
"Arrowtooth flounder","Gadidae","(40,60]",193,4.01999583420121,2.62634281157651
"Arrowtooth flounder","Euphausiacea","(20,40]",1877,41.1622807017544,9.67796017556918
"Arrowtooth flounder","Teleostei unid","(20,40]",755,16.5570175438596,8.84822203040653
"Arrowtooth flounder","Osmeridae","(40,60]",604,12.5807123515934,9.78370101517382
"Arrowtooth flounder","Osmeridae","(20,40]",564,12.3684210526316,23.2374857626071
"Arrowtooth flounder","Unid","(40,60]",62,1.29139762549469,0.0594997664599959
"Arrowtooth flounder","Euphausiacea","(0,20]",479,58.9901477832512,32.5808338873236
"Arrowtooth flounder","Pandalidae","(20,40]",639,14.0131578947368,6.49050689129935
"Arrowtooth flounder","Clupeoidei","(40,60]",188,3.91585086440325,11.2533941872775
"Arrowtooth flounder","Stichaeidae","(20,40]",90,1.97368421052632,1.35606066374378
"Arrowtooth flounder","Crangonidae","(20,40]",241,5.28508771929825,0.806192826735886
"Arrowtooth flounder","Cottidae","(40,60]",14,0.291605915434285,0.27324343326758
"Arrowtooth flounder","Crustacea","(40,60]",18,0.374921891272652,0.00247797940217445
"Arrowtooth flounder","Gadus chalcogrammus","(20,40]",312,6.8421052631579,34.3943819256194
"Arrowtooth flounder","Gadidae","(20,40]",91,1.99561403508772,2.46003706842424
"Arrowtooth flounder","Zoarcidae","(0,20]",4,0.492610837438424,0.927829220825582
"Arrowtooth flounder","Gadus macrocephalus","(20,40]",1,0.0219298245614035,0.237790370442789
"Arrowtooth flounder","Teleostei unid","(60,80]",115,18.8524590163934,1.73131707659118
"Arrowtooth flounder","Pleuronectiformes","(40,60]",76,1.58300354092897,0.876539009341367
"Arrowtooth flounder","Bivalvia","(20,40]",5,0.109649122807018,0.0058918264731287
"Arrowtooth flounder","Hippolytidae","(20,40]",36,0.789473684210526,0.121855349593174
"Arrowtooth flounder","Unid","(20,40]",21,0.460526315789474,0.0311326228151638
"Arrowtooth flounder","Stichaeidae","(40,60]",39,0.812330764424078,0.470930923981386
"Arrowtooth flounder","Euphausiacea","(60,80]",52,8.52459016393443,0.586849529825128
"Arrowtooth flounder","Teleostei unid","(40,60]",829,17.2672359925016,3.81051704238572
"Arrowtooth flounder","Teuthida","(40,60]",63,1.31222661945428,0.924991491453544
"Arrowtooth flounder","Atheresthes stomias","(40,60]",29,0.604040824828161,1.56097540189309
"Arrowtooth flounder","Myctophidae","(40,60]",10,0.208289939595918,0.0797089355489462
"Arrowtooth flounder","Hyperiidea","(20,40]",30,0.657894736842105,0.00799244380380396
"Arrowtooth flounder","Anoplopoma fimbria","(40,60]",4,0.083315975838367,0.0171538617558203
"Arrowtooth flounder","Gammaridea","(40,60]",23,0.47906686107061,0.0102680935039416
"Arrowtooth flounder","Cumacea","(20,40]",5,0.109649122807018,0.00134775021603704
"Arrowtooth flounder","Gammaridea","(20,40]",58,1.2719298245614,0.0338871636645567
"Arrowtooth flounder","Mysidacea","(20,40]",60,1.31578947368421,0.123086647675741
"Arrowtooth flounder","Gadidae","(60,80]",34,5.57377049180328,2.24847161008566
"Arrowtooth flounder","Isopoda","(40,60]",5,0.104144969797959,0.00387173066983485
"Arrowtooth flounder","Salmonidae","(20,40]",2,0.043859649122807,0.0367679288544244
"Arrowtooth flounder","Osmeridae","(0,20]",73,8.99014778325123,27.0965630357364
"Arrowtooth flounder","Offal","(60,80]",5,0.819672131147541,0.164925209160296
"Arrowtooth flounder","Pleurogrammus monopterygius","(20,40]",1,0.0219298245614035,0.13319518147131
"Arrowtooth flounder","Pandalidae","(0,20]",40,4.92610837438424,4.59241622231557
"Arrowtooth flounder","Caridea","(20,40]",308,6.75438596491228,1.06564125812769
"Arrowtooth flounder","Crangonidae","(0,20]",41,5.04926108374384,2.14725661288095
"Arrowtooth flounder","Hippolytidae","(0,20]",6,0.738916256157635,0.310605365220915
"Walleye pollock","Zoarcidae","(20,40]",2,0.0827472072817542,0.053547437749283
"Arrowtooth flounder","Chaetognatha","(40,60]",6,0.124973963757551,0.000759901721086807
"Arrowtooth flounder","Ammodytidae","(20,40]",116,2.54385964912281,3.54992520800654
"Arrowtooth flounder","Copepoda","(40,60]",16,0.333263903353468,0.00361805627593013
"Arrowtooth flounder","Polychaeta","(20,40]",59,1.29385964912281,0.102659070458713
"Arrowtooth flounder","Cumacea","(40,60]",2,0.0416579879191835,2.69150550562033e-05
"Arrowtooth flounder","Clupeoidei","(20,40]",38,0.833333333333333,4.19535097838322
"Arrowtooth flounder","Zoarcidae","(20,40]",29,0.635964912280702,0.842722558044575
"Arrowtooth flounder","Pandalidae","(60,80]",40,6.55737704918033,0.224829775477199
"Arrowtooth flounder","Copepoda","(20,40]",25,0.548245614035088,0.0175521053059543
"Arrowtooth flounder","Ammodytidae","(40,60]",156,3.24932305769631,3.86804779313466
"Arrowtooth flounder","Pleuronectiformes","(20,40]",45,0.986842105263158,0.492568094061731
"Arrowtooth flounder","Annelida","(20,40]",1,0.0219298245614035,0.00812314707248912
"Arrowtooth flounder","Paguridae","(60,80]",2,0.327868852459016,0.0112233523887519
"Arrowtooth flounder","Hippoglossoides elassodon","(60,80]",6,0.983606557377049,1.06459224362365
"Arrowtooth flounder","Mysidacea","(40,60]",18,0.374921891272652,0.0130147748724271
"Arrowtooth flounder","Caprellidae","(40,60]",1,0.0208289939595918,2.51207180524564e-05
"Walleye pollock","Echinodermata","(40,60]",2,0.0284900284900285,0.0157070926842136
"Arrowtooth flounder","Zoarcidae","(40,60]",65,1.35388460737346,0.964187258113941
"Arrowtooth flounder","Offal","(40,60]",25,0.520724848989794,1.45346411163959
"Arrowtooth flounder","Sebastes sp.","(60,80]",4,0.655737704918033,0.449599877192384
"Arrowtooth flounder","Crangonidae","(40,60]",121,2.5203082691106,0.14198050409548
"Arrowtooth flounder","Ammodytidae","(0,20]",20,2.46305418719212,3.99206704625425
"Arrowtooth flounder","Teleostei unid","(0,20]",127,15.64039408867,10.680188662626
"Arrowtooth flounder","Hyperiidea","(40,60]",21,0.437408873151427,0.00149827139812865
"Arrowtooth flounder","Chaetognatha","(20,40]",24,0.526315789473684,0.0376881450140147
"Arrowtooth flounder","Caridea","(40,60]",202,4.20745677983753,0.255685217667965
"Arrowtooth flounder","Hippolytidae","(40,60]",26,0.541553842949386,0.0164738080314002
"Arrowtooth flounder","Bivalvia","(40,60]",11,0.229118933555509,0.00511206612367489
"Walleye pollock","Pandalidae","(0,20]",15,0.840336134453782,0.993055220273779
"Pacific halibut","Lepidopsetta sp.","(80,280]",5,0.448430493273543,0.438497404545797
"Pacific halibut","Gadus chalcogrammus","(80,280]",478,42.8699551569507,55.0073941589928
"Pacific halibut","Atheresthes stomias","(80,280]",30,2.69058295964126,3.41967032098108
"Pacific halibut","Paguridae","(40,60]",1260,52.0446096654275,21.3637439196747
"Pacific halibut","Brachyura","(40,60]",444,18.3395291201983,6.39800812068338
"Pacific halibut","Gadus chalcogrammus","(40,60]",151,6.23709211069806,11.1388050338035
"Pacific halibut","Majidae","(20,40]",160,13.5593220338983,6.42335523151519
"Pacific halibut","Euphausiacea","(40,60]",86,3.55225113589426,0.905015658887205
"Pacific halibut","Majidae","(40,60]",566,23.3787691036762,11.6792071230102
"Pacific halibut","Gadus chalcogrammus","(60,80]",463,18.1071568244036,33.7596336819631
"Pacific halibut","Holothuroidea","(40,60]",4,0.165220983064849,0.0728685035377617
"Pacific halibut","Chionoecetes bairdi","(60,80]",442,17.2858818928432,8.53986366514048
"Pacific halibut","Gadus macrocephalus","(80,280]",18,1.61434977578475,2.26346697058182
"Pacific halibut","Paguridae","(60,80]",581,22.7219397731717,4.5455835105526
"Pacific halibut","Sebastes sp.","(80,280]",46,4.12556053811659,5.10809057368696
"Pacific halibut","Chionoecetes bairdi","(80,280]",130,11.6591928251121,3.62648010102291
"Pacific halibut","Teleostei unid","(80,280]",145,13.0044843049327,1.09098264898567
"Pacific halibut","Octopoda","(40,60]",57,2.3543990086741,1.54694269280771
"Pacific halibut","Gastropod","(40,60]",71,2.93267244940107,0.262714280348683
"Pacific halibut","Majidae","(60,80]",561,21.9397731716856,8.51801723593651
"Pacific halibut","Chionoecetes bairdi","(40,60]",372,15.365551425031,7.21026678440203
"Pacific halibut","Mysidacea","(0,20]",4,4.54545454545455,1.44533763700064
"Pacific halibut","Paguridae","(0,20]",41,46.5909090909091,31.0119406339057
"Pacific halibut","Crangonidae","(0,20]",24,27.2727272727273,27.2295482170764
"Pacific halibut","Pandalidae","(0,20]",3,3.40909090909091,0.958110744527635
"Pacific halibut","Pandalidae","(80,280]",22,1.97309417040359,0.0371498553670254
"Pacific halibut","Cottidae","(60,80]",41,1.60344153304654,0.414136864992894
"Pacific halibut","Octopoda","(60,80]",142,5.55338287055143,4.50427220548657
"Pacific halibut","Pleuronectiformes","(80,280]",66,5.91928251121076,2.58328646092679
"Pacific halibut","Polychaeta","(60,80]",68,2.6593664450528,0.497540773045982
"Pacific halibut","Gastropod","(60,80]",52,2.0336331638639,0.0862620476976374
"Pacific halibut","Paguridae","(80,280]",73,6.54708520179372,0.322140346679879
"Pacific halibut","Polychaeta","(80,280]",14,1.25560538116592,0.131572250561196
"Pacific halibut","Crangonidae","(20,40]",165,13.9830508474576,3.95933732995021
"Pacific halibut","Paguridae","(20,40]",813,68.8983050847458,41.7445551440537
"Pacific halibut","Unid","(20,40]",12,1.01694915254237,0.0674052729107892
"Pacific halibut","Teleostei unid","(20,40]",208,17.6271186440678,5.47698092918628
"Pacific halibut","Caridea","(20,40]",41,3.47457627118644,0.530772038115897
"Pacific halibut","Bivalvia","(40,60]",107,4.41966129698472,0.366487598673595
"Pacific halibut","Crustacea","(40,60]",9,0.371747211895911,0.0394762698688602
"Pacific halibut","Gammaridea","(60,80]",35,1.3687915526007,0.0206924089918964
"Pacific halibut","Ammodytidae","(60,80]",148,5.78803285099726,2.54079426590772
"Pacific halibut","Teleostei unid","(40,60]",420,17.3482032218092,4.1668523320911
"Pacific halibut","Ammodytidae","(40,60]",181,7.47624948368443,7.29881739874091
"Pacific halibut","Euphausiacea","(80,280]",15,1.34529147982063,0.1345277761357
"Pacific halibut","Crangonidae","(40,60]",117,4.83271375464684,0.594197681243255
"Pacific halibut","Teuthida","(20,40]",3,0.254237288135593,0.166014845340153
"Pacific halibut","Brachyura","(60,80]",357,13.9616738365272,3.94267643547502
"Pacific halibut","Rajidae","(60,80]",5,0.195541650371529,0.0524065353016673
"Arrowtooth flounder","Polychaeta","(40,60]",24,0.499895855030202,0.011122646501976
"Arrowtooth flounder","Cottidae","(20,40]",23,0.504385964912281,0.377801666299737
"Arrowtooth flounder","Cephalopoda","(20,40]",5,0.109649122807018,0.0394104964985575
"Pacific halibut","Caridea","(60,80]",21,0.821274931560422,0.0382858115571443
"Pacific halibut","Teleostei unid","(60,80]",457,17.8725068439578,2.7150909351376
"Pacific halibut","Unid","(60,80]",40,1.56433320297223,0.68977208322311
"Pacific halibut","Crangonidae","(60,80]",43,1.68165819319515,0.0639789991629207
"Pacific halibut","Anoplopoma fimbria","(60,80]",6,0.234649980445835,0.215970950200249
"Pacific halibut","Bivalvia","(20,40]",33,2.79661016949153,0.83031623084849
"Pacific halibut","Ammodytidae","(20,40]",87,7.3728813559322,8.11244880453857
"Pacific halibut","Octopoda","(80,280]",107,9.59641255605381,5.09500899249473
"Pacific halibut","Brachyura","(80,280]",59,5.2914798206278,1.00555882877215
"Arrowtooth flounder","Brachyura","(20,40]",19,0.416666666666667,0.0294860059349059
"Arrowtooth flounder","Paguridae","(40,60]",4,0.083315975838367,0.000585851031723359
"Pacific halibut","Osmeridae","(40,60]",142,5.86534489880215,5.31505895982819
"Pacific halibut","Annelida","(40,60]",62,2.56092523750516,0.484192512427812
"Pacific halibut","Cottidae","(40,60]",120,4.95662949194548,1.69686666776941
"Pacific halibut","Osmeridae","(60,80]",215,8.40829096597575,4.30634934480116
"Pacific halibut","Zoarcidae","(40,60]",21,0.867410161090459,0.490014227533435
"Pacific halibut","Atheresthes stomias","(60,80]",24,0.93859992178334,1.08462770847864
"Pacific halibut","Bivalvia","(60,80]",129,5.04497457958545,0.212817495560829
"Arrowtooth flounder","Thecosomata","(40,60]",1,0.0208289939595918,2.15320440449627e-05
"Pacific halibut","Offal","(20,40]",4,0.338983050847458,0.688046263061705
"Pacific halibut","Gammaridea","(20,40]",65,5.50847457627119,0.217143203985642
"Pacific halibut","Sebastes sp.","(20,40]",2,0.169491525423729,0.00986522790436682
"Pacific halibut","Offal","(80,280]",52,4.66367713004484,4.56745444520999
"Pacific halibut","Chionoecetes bairdi","(20,40]",80,6.77966101694915,2.19012330138374
"Pacific halibut","Offal","(60,80]",86,3.3633163863903,3.67694679840432
"Pacific halibut","Polychaeta","(20,40]",63,5.33898305084746,0.640169301318607
"Pacific halibut","Osmeridae","(20,40]",30,2.54237288135593,3.95370717463105
"Pacific halibut","Cumacea","(20,40]",12,1.01694915254237,0.118510854695316
"Pacific halibut","Agonidae","(20,40]",17,1.4406779661017,0.341823740894164
"Pacific halibut","Brachyura","(20,40]",245,20.7627118644068,7.15156279466895
"Pacific halibut","Zoarcidae","(60,80]",15,0.586624951114587,0.155798105584983
"Pacific halibut","Annelida","(80,280]",6,0.538116591928251,0.00825516160210651
"Pacific halibut","Hippolytidae","(80,280]",6,0.538116591928251,0.00426644417609794
"Pacific halibut","Cyclopteridae","(80,280]",5,0.448430493273543,0.254956379326877
"Pacific halibut","Cottidae","(80,280]",18,1.61434977578475,0.545237399056152
"Pacific halibut","Annelida","(60,80]",38,1.48611654282362,0.197885843209211
"Pacific halibut","Lithodidae","(40,60]",8,0.330441966129699,0.124733581813794
"Pacific halibut","Gadidae","(60,80]",77,3.01134141572155,2.03996467464061
"Pacific halibut","Lepidopsetta sp.","(40,60]",3,0.123915737298637,0.0492083627601448
"Pacific halibut","Cephalopoda","(20,40]",1,0.0847457627118644,0.222501460527061
"Pacific halibut","Pleuronectiformes","(40,60]",75,3.09789343246592,1.22808842664821
"Pacific halibut","Hippolytidae","(40,60]",57,2.3543990086741,0.503184677909154
"Pacific halibut","Pandalidae","(40,60]",76,3.13919867823214,0.941477699742714
"Pacific halibut","Agonidae","(40,60]",25,1.03263114415531,0.16797418894923
"Pacific halibut","Teuthida","(60,80]",34,1.3296832225264,0.833637113859413
"Pacific halibut","Pandalidae","(60,80]",61,2.38560813453266,0.578542251592003
"Pacific halibut","Pleuronectiformes","(60,80]",81,3.16777473601877,1.95389630179377
"Pacific halibut","Salmonidae","(80,280]",16,1.43497757847534,4.33533940417247
"Pacific halibut","Osmeridae","(80,280]",48,4.30493273542601,0.910403930533507
"Pacific halibut","Anomura","(40,60]",106,4.3783560512185,3.11064039166323
"Pacific halibut","Sebastes sp.","(60,80]",27,1.05592491200626,1.98685912973795
"Pacific halibut","Cottidae","(20,40]",66,5.59322033898305,2.1750051599199
"Pacific halibut","Cyclopteridae","(20,40]",4,0.338983050847458,0.119649697743439
"Pacific halibut","Majidae","(80,280]",122,10.9417040358744,1.67550426688569
"Pacific halibut","Gadus macrocephalus","(60,80]",20,0.782166601486117,1.12333344991915
"Pacific halibut","Anomura","(80,280]",9,0.807174887892377,0.00848320436934416
"Pacific halibut","Zoarcidae","(20,40]",4,0.338983050847458,0.588255140969913
"Pacific halibut","Hyperiidea","(40,60]",2,0.0826104915324246,0.00216991378560235
"Pacific halibut","Polychaeta","(40,60]",104,4.29574555968608,0.55199201064469
"Arrowtooth flounder","Lepidopsetta sp.","(20,40]",6,0.131578947368421,0.0701685180452155
"Arrowtooth flounder","Cumacea","(0,20]",1,0.123152709359606,0.000834462175220369
"Arrowtooth flounder","Lepidopsetta sp.","(0,20]",2,0.246305418719212,0.120626143329078
"Arrowtooth flounder","Brachyura","(40,60]",10,0.208289939595918,0.00544401846936806
"Arrowtooth flounder","Pleurogrammus monopterygius","(40,60]",2,0.0416579879191835,0.194510617048672
"Arrowtooth flounder","Sebastes sp.","(40,60]",8,0.166631951676734,0.367506236253917
"Arrowtooth flounder","Pleuronectiformes","(0,20]",5,0.61576354679803,0.37773321131642
"Arrowtooth flounder","Pleurogrammus monopterygius","(0,20]",1,0.123152709359606,0.018543603893786
"Arrowtooth flounder","Caridea","(0,20]",40,4.92610837438424,1.40198917238969
"Pacific halibut","Bivalvia","(80,280]",22,1.97309417040359,0.0755173040165048
"Pacific halibut","Ammodytidae","(80,280]",37,3.31838565022422,0.326918592948789
"Pacific halibut","Gammaridea","(40,60]",59,2.43700950020653,0.0601308534048389
"Arrowtooth flounder","Cephalopoda","(40,60]",10,0.208289939595918,0.0277072548433576
"Pacific halibut","Hippolytidae","(0,20]",3,3.40909090909091,0.22471680575275
"Pacific halibut","Caridea","(0,20]",12,13.6363636363636,1.6858867631587
"Pacific halibut","Cottidae","(0,20]",5,5.68181818181818,4.48514315481966
"Pacific halibut","Gammaridea","(0,20]",21,23.8636363636364,3.33346952533682
"Pacific halibut","Pandalidae","(20,40]",36,3.05084745762712,0.993704619408908
"Pacific halibut","Hippolytidae","(20,40]",59,5,1.16937827735096
"Pacific halibut","Stichaeidae","(20,40]",22,1.86440677966102,0.853235447191968
"Pacific halibut","Caridea","(80,280]",9,0.807174887892377,0.00979059809377672
"Pacific halibut","Majidae","(0,20]",6,6.81818181818182,3.23898632291805
"Arrowtooth flounder","Gadus chalcogrammus","(0,20]",21,2.58620689655172,5.30068917303872
"Arrowtooth flounder","Gammaridea","(0,20]",10,1.23152709359606,0.0928107374883989
"Pacific halibut","Agonidae","(60,80]",12,0.46929996089167,0.090768772729855
"Arrowtooth flounder","Pleuronectiformes","(60,80]",31,5.08196721311475,2.63833236769926
"Arrowtooth flounder","Thecosomata","(0,20]",3,0.369458128078818,0.0101989821415823
"Arrowtooth flounder","Polychaeta","(0,20]",7,0.862068965517241,0.0751943137893022
"Pacific halibut","Stichaeidae","(40,60]",42,1.73482032218092,0.52416918294169
"Pacific halibut","Gadidae","(80,280]",44,3.94618834080717,1.48993285535215
"Pacific halibut","Cephalopoda","(60,80]",34,1.3296832225264,0.476179898699776
"Pacific halibut","Unid","(40,60]",33,1.36307311028501,0.082896205301619
"Arrowtooth flounder","Unid","(0,20]",4,0.492610837438424,0.0297624842495265
"Pacific halibut","Brachyura","(0,20]",16,18.1818181818182,15.3164931921022
"Arrowtooth flounder","Paguridae","(20,40]",2,0.043859649122807,0.00248376928030996
"Pacific halibut","Echinodermata","(40,60]",2,0.0826104915324246,0.0034095829692026
"Arrowtooth flounder","Teuthida","(20,40]",14,0.307017543859649,0.268515817966099
"Pacific halibut","Atheresthes stomias","(40,60]",14,0.578273440726972,0.55360196448046
"Pacific halibut","Lithodidae","(80,280]",11,0.986547085201794,0.116149738019366
"Pacific halibut","Lepidopsetta sp.","(60,80]",2,0.0782166601486116,0.0761565011699334
"Pacific halibut","Hippoglossoides elassodon","(60,80]",4,0.156433320297223,0.12464099023425
"Pacific halibut","Hippoglossus stenolepis","(20,40]",3,0.254237288135593,0.0132390504344317
"Pacific halibut","Gadus chalcogrammus","(20,40]",13,1.10169491525424,2.11433329653114
"Pacific halibut","Hippoglossoides elassodon","(40,60]",5,0.206526228831062,0.0528859823095853
"Pacific halibut","Invertebrate","(60,80]",22,0.860383261634728,0.0426614536916914
"Pacific halibut","Aves","(60,80]",2,0.0782166601486116,0.0101922042776574
"Pacific halibut","Liminda aspera","(80,280]",6,0.538116591928251,0.396824628226331
"Pacific halibut","Pleuronectiformes","(20,40]",37,3.13559322033898,1.50435472441828
"Pacific halibut","Mollusca","(40,60]",23,0.950020652622883,0.104652911896677
"Pacific halibut","Lithodidae","(60,80]",13,0.508408290965976,0.252476310420097
"Pacific halibut","Teuthida","(80,280]",21,1.88340807174888,0.504105439604079
"Arrowtooth flounder","Caridea","(60,80]",10,1.63934426229508,0.0212273380289071
"Pacific halibut","Hippoglossus stenolepis","(40,60]",4,0.165220983064849,0.188404094763539
"Pacific halibut","Echinodermata","(80,280]",5,0.448430493273543,0.0242860679420591
"Pacific halibut","Stichaeidae","(60,80]",27,1.05592491200626,0.282310067962806
"Arrowtooth flounder","Teuthida","(60,80]",9,1.47540983606557,0.0344369389838767
"Pacific halibut","Ophiurida","(40,60]",36,1.48698884758364,0.0866536642765407
"Pacific halibut","Hippolytidae","(60,80]",23,0.899491591709034,0.0550438542942265
"Pacific halibut","Pleurogrammus monopterygius","(80,280]",8,0.717488789237668,1.15027484271574
"Pacific halibut","Cnidaria","(60,80]",33,1.29057489245209,0.363042202737209
"Pacific halibut","Teleostei unid","(0,20]",16,18.1818181818182,4.23999754854394
"Pacific halibut","Decapoda","(0,20]",1,1.13636363636364,0.00510720013074432
"Pacific halibut","Invertebrate","(40,60]",20,0.826104915324246,0.0655132644388807
"Pacific halibut","Euphausiacea","(60,80]",58,2.26828314430974,0.237858604479591
"Arrowtooth flounder","Clupeoidei","(60,80]",8,1.31147540983607,1.26222212656885
"Pacific halibut","Isopoda","(20,40]",19,1.61016949152542,0.170591570839798
"Pacific halibut","Cephalopoda","(80,280]",17,1.52466367713004,0.195668449019662
"Pacific halibut","Ophiurida","(60,80]",43,1.68165819319515,0.0389155941447578
"Pacific halibut","Liminda aspera","(20,40]",1,0.0847457627118644,0.0443579367243968
"Pacific halibut","Gadidae","(40,60]",45,1.85873605947955,1.3555063159788
"Pacific halibut","Pholidae","(40,60]",13,0.53696819496076,0.140524089761338
"Pacific halibut","Caridea","(40,60]",45,1.85873605947955,0.081917694406602
"Pacific halibut","Clupeoidei","(80,280]",25,2.24215246636771,0.965419541869354
"Pacific halibut","Unid","(80,280]",12,1.0762331838565,0.282713947719406
"Pacific halibut","Hippoglossoides elassodon","(80,280]",7,0.62780269058296,0.476765485229573
"Pacific halibut","Gastropod","(80,280]",13,1.16591928251121,0.0174887552497533
"Arrowtooth flounder","Crustacea","(20,40]",37,0.81140350877193,0.0184438191951148
"Arrowtooth flounder","Gadus macrocephalus","(60,80]",10,1.63934426229508,2.27730610751313
"Arrowtooth flounder","Hippoglossoides elassodon","(20,40]",5,0.109649122807018,0.223075055395182
"Pacific halibut","Isopoda","(60,80]",10,0.391083300743058,0.0497295416765994
"Pacific halibut","Cephalopoda","(40,60]",20,0.826104915324246,0.344710809043591
"Pacific halibut","Teuthida","(40,60]",9,0.371747211895911,0.068550355395841
"Arrowtooth flounder","Zoarcidae","(60,80]",1,0.163934426229508,0.0337773219864053
"Arrowtooth flounder","Cottidae","(60,80]",2,0.327868852459016,0.296926283179515
"Arrowtooth flounder","Annelida","(40,60]",1,0.0208289939595918,0.000122014916254788
"Arrowtooth flounder","Crangonidae","(60,80]",10,1.63934426229508,0.020903077710524
"Arrowtooth flounder","Bathylagidae","(40,60]",10,0.208289939595918,0.334087606727633
"Arrowtooth flounder","Lepidopsetta sp.","(60,80]",5,0.819672131147541,1.07520776203155
"Arrowtooth flounder","Stichaeidae","(0,20]",24,2.95566502463054,5.61565228517468
"Arrowtooth flounder","Atheresthes stomias","(60,80]",4,0.655737704918033,0.967094686752536
"Arrowtooth flounder","Atheresthes stomias","(20,40]",10,0.219298245614035,0.127649453996258
"Arrowtooth flounder","Osmeridae","(60,80]",26,4.26229508196721,0.617403975491177
"Arrowtooth flounder","Atheresthes stomias","(0,20]",4,0.492610837438424,0.751015957698332
"Arrowtooth flounder","Gadus macrocephalus","(40,60]",10,0.208289939595918,0.708510114962493
"Arrowtooth flounder","Salmonidae","(40,60]",7,0.145802957717142,0.844176347141787
"Arrowtooth flounder","Sebastes sp.","(20,40]",7,0.153508771929825,0.148940650007308
"Pacific halibut","Rajidae","(80,280]",3,0.269058295964126,0.248033184878559
"Pacific halibut","Invertebrate","(20,40]",8,0.677966101694915,0.0222074394384015
"Pacific halibut","Mollusca","(20,40]",18,1.52542372881356,0.746098787439783
"Pacific halibut","Cnidaria","(40,60]",29,1.19785212722016,0.439357284725681
"Pacific halibut","Zoarcidae","(80,280]",5,0.448430493273543,0.130671896223302
"Pacific halibut","Gastropod","(20,40]",10,0.847457627118644,0.0876909147054828
"Pacific halibut","Mysidacea","(40,60]",7,0.289136720363486,0.0202663246660753
"Pacific halibut","Trichodon trichodon","(80,280]",1,0.0896860986547085,0.0878869372336486
"Pacific halibut","Holothuroidea","(80,280]",1,0.0896860986547085,0.00241705862521876
"Arrowtooth flounder","Cottidae","(0,20]",5,0.61576354679803,1.01841472584673
"Pacific halibut","Rajidae","(40,60]",3,0.123915737298637,0.0375389172337584
"Pacific halibut","Clupeoidei","(40,60]",43,1.77612556794713,3.28479715967281
"Arrowtooth flounder","Stichaeidae","(60,80]",1,0.163934426229508,0.0485280841504202
"Arrowtooth flounder","Hippoglossoides elassodon","(40,60]",5,0.104144969797959,0.119030036649055
"Arrowtooth flounder","Liminda aspera","(20,40]",1,0.0219298245614035,0.00855068112893591
"Pacific halibut","Mollusca","(60,80]",10,0.391083300743058,0.0686829488814782
"Pacific cod","Amphipoda","(20,40]",12,0.661521499448732,0.0295709964584146
"Arrowtooth flounder","Atheresthes stomias","(80,280]",1,14.2857142857143,20.603686696926
"Arrowtooth flounder","Ophiurida","(40,60]",5,0.104144969797959,0.00908383108146863
"Arrowtooth flounder","Hippoglossus stenolepis","(20,40]",2,0.043859649122807,0.00594475926106973
"Arrowtooth flounder","Pleurogrammus monopterygius","(60,80]",7,1.14754098360656,1.44542427473946
"Arrowtooth flounder","Agonidae","(0,20]",1,0.123152709359606,0.129805227256502
"Arrowtooth flounder","Gadidae","(0,20]",8,0.985221674876847,1.02342149889805
"Pacific halibut","Euphausiacea","(20,40]",57,4.83050847457627,2.23379366161783
"Pacific halibut","Lepidopsetta sp.","(20,40]",2,0.169491525423729,0.0252396090540294
"Arrowtooth flounder","Isopoda","(20,40]",1,0.0219298245614035,0.000997579465042523
"Arrowtooth flounder","Gadus chalcogrammus","(80,280]",4,57.1428571428571,76.6173960221784
"Pacific cod","Holothuroidea","(40,60]",14,0.261291526689063,0.0595491724791814
"Walleye pollock","Thecosomata","(60,80]",29,3.60696517412935,0.34502654422237
"Walleye pollock","Decapoda","(40,60]",32,0.455840455840456,0.133180686799415
"Pacific cod","Hexagrammidae","(40,60]",1,0.0186636804777902,0.000567605042279806
"Arrowtooth flounder","Agonidae","(20,40]",6,0.131578947368421,0.0340032086227351
"Arrowtooth flounder","Hippoglossus stenolepis","(0,20]",1,0.123152709359606,0.0891947347291106
"Pacific cod","Gadus chalcogrammus","(0,20]",2,0.537634408602151,1.55327279043224
"Pacific cod","Majidae","(0,20]",5,1.34408602150538,0.87493271950619
"Pacific cod","Stichaeidae","(0,20]",1,0.268817204301075,0.259578642785432
"Pacific cod","Copepoda","(0,20]",40,10.752688172043,5.25093238358089
"Pacific cod","Brachyura","(0,20]",47,12.6344086021505,6.5062623347572
"Pacific cod","Pandalidae","(0,20]",8,2.1505376344086,2.40491977874738
"Pacific cod","Invertebrate","(60,80]",44,1.43556280587276,0.260286753911678
"Pacific cod","Pleurogrammus monopterygius","(80,280]",10,5.31914893617021,8.46635089444583
"Pacific cod","Hippoglossus stenolepis","(20,40]",1,0.0551267916207277,0.0369083829985205
"Pacific cod","Lepidopsetta sp.","(40,60]",4,0.0746547219111609,0.0307518540515159
"Pacific cod","Teuthida","(20,40]",12,0.661521499448732,0.0308554081867631
"Pacific cod","Mollusca","(20,40]",19,1.04740904079383,0.318475055217633
"Pacific cod","Trichodon trichodon","(60,80]",7,0.228384991843393,0.627104998472219
"Pacific cod","Sebastes sp.","(60,80]",36,1.17455138662316,1.49596655186522
"Pacific cod","Sebastes sp.","(80,280]",1,0.531914893617021,0.444356216748252
"Pacific cod","Echinodea","(60,80]",5,0.163132137030995,0.0279817583961421
"Pacific cod","Hippoglossus stenolepis","(60,80]",3,0.097879282218597,0.00239090464642418
"Pacific cod","Thecosomata","(40,60]",13,0.242627846211273,0.0985584459718636
"Walleye pollock","Ammodytidae","(20,40]",7,0.28961522548614,0.374786414255425
"Walleye pollock","Thecosomata","(0,20]",34,1.9047619047619,0.719469523521536
"Walleye pollock","Unid","(60,80]",15,1.86567164179104,0.266766949904477
"Walleye pollock","Gastropod","(20,40]",3,0.124120810922631,0.0125080971383662
"Walleye pollock","Crustacea","(20,40]",68,2.81340504757964,0.259023746989898
"Arrowtooth flounder","Brachyura","(0,20]",3,0.369458128078818,0.0170601155822831
"Arrowtooth flounder","Copepoda","(0,20]",5,0.61576354679803,0.0613793288884316
"Walleye pollock","Clupeoidei","(60,80]",1,0.124378109452736,0.762372324918517
"Pacific cod","Anomura","(20,40]",83,4.5755237045204,3.13631568116738
"Pacific cod","Caprellidae","(20,40]",20,1.10253583241455,0.032006949736317
"Pacific halibut","Octopoda","(20,40]",7,0.593220338983051,0.123365173187941
"Pacific halibut","Annelida","(20,40]",21,1.77966101694915,0.896942819825125
"Arrowtooth flounder","Ammodytidae","(60,80]",21,3.44262295081967,0.628052782981197
"Arrowtooth flounder","Invertebrate","(40,60]",5,0.104144969797959,0.00241338327003957
"Walleye pollock","Cephalopoda","(20,40]",7,0.28961522548614,0.0156579464177358
"Pacific cod","Crustacea","(0,20]",21,5.64516129032258,1.49620366234926
"Pacific cod","Hyperiidea","(0,20]",5,1.34408602150538,0.1045949237106
"Arrowtooth flounder","Polychaeta","(60,80]",3,0.491803278688525,0.00172733348309804
"Walleye pollock","Brachyura","(60,80]",10,1.24378109452736,0.101824069829832
"Arrowtooth flounder","Chionoecetes bairdi","(0,20]",1,0.123152709359606,0.071392874991076
"Walleye pollock","Decapoda","(0,20]",6,0.336134453781513,0.0719126477322107
"Arrowtooth flounder","Crustacea","(0,20]",6,0.738916256157635,0.0406104925273913
"Pacific cod","Caridea","(80,280]",7,3.72340425531915,0.0165750808562868
"Pacific cod","Chionoecetes sp.","(40,60]",94,1.75438596491228,0.641024754498699
"Arrowtooth flounder","Thecosomata","(20,40]",7,0.153508771929825,0.0022191053406048
"Arrowtooth flounder","Copepoda","(60,80]",2,0.327868852459016,0.011082798486487
"Pacific cod","Cephalopoda","(20,40]",7,0.385887541345094,0.200840656924749
"Pacific cod","Chionoecetes sp.","(60,80]",53,1.72920065252855,0.651324658189672
"Arrowtooth flounder","Appendicularia","(40,60]",2,0.0416579879191835,0.000509591709064117
"Walleye pollock","Unid Eggs","(20,40]",1,0.0413736036408771,0.00570624869451013
"Arrowtooth flounder","Octopoda","(40,60]",3,0.0624869818787753,0.0083885254925167
"Walleye pollock","Gadidae","(0,20]",1,0.0560224089635854,0.0992292895386158
"Walleye pollock","Crustacea","(60,80]",6,0.746268656716418,0.0176151411270825
"Walleye pollock","Amphipoda","(60,80]",3,0.373134328358209,0.0396235068997683
"Walleye pollock","Pleuronectiformes","(20,40]",6,0.248241621845263,0.0464032143837563
"Pacific cod","Gammaridea","(80,280]",7,3.72340425531915,0.00849098738560627
"Pacific cod","Fish Eggs","(80,280]",1,0.531914893617021,0.0210696216866738
"Pacific cod","Cnidaria","(20,40]",4,0.220507166482911,0.031829789497924
"Arrowtooth flounder","Mysidacea","(0,20]",11,1.35467980295567,0.48259729133578
"Arrowtooth flounder","Lepidopsetta bilineata","(0,20]",1,0.123152709359606,0.0046359009734465
"Pacific halibut","Cnidaria","(80,280]",5,0.448430493273543,0.030588548307317
"Pacific halibut","Ophiurida","(80,280]",10,0.896860986547085,0.00886781882308209
"Pacific halibut","Isopoda","(40,60]",27,1.11524163568773,0.0875309322368016
"Pacific halibut","Offal","(40,60]",23,0.950020652622883,1.67482262990205
"Pacific halibut","Lepidopsetta bilineata","(80,280]",2,0.179372197309417,0.193384832172711
"Pacific halibut","Caprellidae","(20,40]",8,0.677966101694915,0.0406994034323012
"Pacific cod","Ophiurida","(80,280]",1,0.531914893617021,1.4030824652613e-05
"Pacific halibut","Ophiurida","(20,40]",1,0.0847457627118644,0.000284710762030788
"Pacific halibut","Gadidae","(20,40]",6,0.508474576271186,0.395719488146593
"Arrowtooth flounder","Sebastolobus sp.","(60,80]",2,0.327868852459016,0.67841299957693
"Pacific halibut","Tunicata","(20,40]",1,0.0847457627118644,0.012826219829487
"Arrowtooth flounder","Offal","(20,40]",4,0.087719298245614,0.0509376290109468
"Pacific cod","Pholidae","(40,60]",5,0.0933184023889511,0.0391931281694206
"Pacific cod","Cottidae","(80,280]",4,2.12765957446809,0.181292285336412
"Pacific cod","Invertebrate","(20,40]",14,0.771775082690187,0.198345650234049
"Pacific cod","Mollusca","(0,20]",1,0.268817204301075,0.0954333245534675
"Pacific cod","Annelida","(0,20]",4,1.0752688172043,0.387459297687078
"Pacific halibut","Chionoecetes sp.","(60,80]",56,2.19006648416113,0.736902007248727
"Pacific halibut","Chionoecetes sp.","(40,60]",49,2.0239570425444,0.774809006607819
"Pacific cod","Ammodytidae","(80,280]",5,2.65957446808511,0.590606517514763
"Pacific cod","Clypeasteroida","(60,80]",2,0.065252854812398,0.00357375533545995
"Pacific cod","Isopoda","(80,280]",1,0.531914893617021,0.000210462369789194
"Pacific halibut","Hyperiidea","(80,280]",1,0.0896860986547085,0.000157780215812891
"Pacific halibut","Crangonidae","(80,280]",8,0.717488789237668,0.00624608233066947
"Pacific halibut","Chionoecetes sp.","(80,280]",18,1.61434977578475,0.207184894112362
"Pacific halibut","Chionoecetes sp.","(20,40]",21,1.77966101694915,0.555883527327013
"Pacific cod","Clypeasteroida","(40,60]",1,0.0186636804777902,0.000165345816664117
"Pacific cod","Crustacea","(80,280]",2,1.06382978723404,0.19097589281749
"Pacific cod","Brachyura","(80,280]",8,4.25531914893617,0.183880972484819
"Pacific cod","Unid","(80,280]",6,3.19148936170213,0.0726282253434755
"Arrowtooth flounder","Bathylagidae","(60,80]",2,0.327868852459016,0.0383687494603932
"Pacific cod","Holothuroidea","(20,40]",6,0.330760749724366,0.19930526819201
"Pacific halibut","Chionoecetes opilio","(60,80]",4,0.156433320297223,0.0739665658623748
"Arrowtooth flounder","Hyperiidea","(0,20]",6,0.738916256157635,0.037087207787572
"Arrowtooth flounder","Invertebrate","(20,40]",3,0.0657894736842105,0.00271178744374825
"Pacific halibut","Caprellidae","(0,20]",2,2.27272727272727,0.111336962850226
"Pacific halibut","Tunicata","(40,60]",3,0.123915737298637,0.0193439634929038
"Pacific halibut","Pholidae","(20,40]",10,0.847457627118644,0.563826957587672
"Pacific halibut","Pholidae","(60,80]",7,0.273758310520141,0.0257952975810227
"Pacific halibut","Invertebrate","(80,280]",8,0.717488789237668,0.02761959462934
"Pacific halibut","Agonidae","(0,20]",1,1.13636363636364,0.132787203399352
"Pacific halibut","Ammodytidae","(0,20]",1,1.13636363636364,0.806937620657603
"Pacific halibut","Unid","(0,20]",2,2.27272727272727,0.0796723220396114
"Pacific halibut","Euphausiacea","(0,20]",4,4.54545454545455,1.44125187689605
"Pacific halibut","Fish Eggs","(20,40]",1,0.0847457627118644,0.0142355381015394
"Pacific cod","Chionoecetes sp.","(20,40]",23,1.26791620727674,0.891677006537856
"Pacific halibut","Anomura","(60,80]",90,3.51974970668752,1.72302554335484
"Pacific halibut","Mysidacea","(20,40]",16,1.35593220338983,0.226487411195492
"Pacific halibut","Isopoda","(80,280]",3,0.269058295964126,0.000864434161102541
"Pacific halibut","Stichaeidae","(80,280]",3,0.269058295964126,0.0232675462935989
"Arrowtooth flounder","Gastropod","(60,80]",2,0.327868852459016,0.00121073624582603
"Pacific cod","Atheresthes evermanni","(40,60]",1,0.0186636804777902,0.034883031620109
"Pacific halibut","Clupeoidei","(60,80]",108,4.22369964802503,3.74265529832385
"Pacific cod","Gastropod","(80,280]",3,1.59574468085106,0.0102588712918355
"Arrowtooth flounder","Bivalvia","(60,80]",5,0.819672131147541,0.00480842297222152
"Pacific halibut","Cyclopteridae","(40,60]",8,0.330441966129699,0.188575559340603
"Pacific halibut","Sebastes sp.","(40,60]",8,0.330441966129699,0.497810938646825
"Arrowtooth flounder","Myctophidae","(60,80]",1,0.163934426229508,0.010430579062819
"Pacific halibut","Echinodermata","(60,80]",6,0.234649980445835,0.00674625363041217
"Pacific halibut","Tunicata","(60,80]",3,0.117324990222917,0.039960707490582
"Pacific cod","Macrouridae","(60,80]",1,0.032626427406199,0.00119204647613741
"Pacific halibut","Atheresthes evermanni","(80,280]",1,0.0896860986547085,0.21356592888294
"Arrowtooth flounder","Invertebrate","(60,80]",2,0.327868852459016,0.000197268634757806
"Pacific halibut","Octopoda","(0,20]",1,1.13636363636364,0.0306432007844659
"Arrowtooth flounder","Anomura","(40,60]",6,0.124973963757551,0.00648293959453751
"Pacific halibut","Lepidopsetta bilineata","(40,60]",1,0.0413052457662123,0.0117266003854078
"Arrowtooth flounder","Cumacea","(60,80]",1,0.163934426229508,0.00281107804529873
"Pacific halibut","Chionoecetes opilio","(20,40]",2,0.169491525423729,0.0226060345052446
"Pacific halibut","Clypeasteroida","(60,80]",3,0.117324990222917,0.00948380327351992
"Walleye pollock","Anomura","(40,60]",40,0.56980056980057,0.226669535801706
"Walleye pollock","Chionoecetes sp.","(60,80]",1,0.124378109452736,0.065475944237357
"Pacific cod","Clupeoidei","(40,60]",12,0.223964165733483,0.704268295448719
"Pacific halibut","Hyperiidea","(20,40]",2,0.169491525423729,0.00854132286092365
"Pacific cod","Appendicularia","(0,20]",7,1.88172043010753,1.59614143982165
"Pacific cod","Thecosomata","(60,80]",5,0.163132137030995,0.00153331235302018
"Pacific halibut","Gadus macrocephalus","(40,60]",8,0.330441966129699,0.527588620196931
"Arrowtooth flounder","Appendicularia","(0,20]",4,0.492610837438424,0.111261623362716
"Arrowtooth flounder","Amphipoda","(20,40]",3,0.0657894736842105,0.00916144406671705
"Arrowtooth flounder","Pleurogrammus monopterygius","(80,280]",1,14.2857142857143,2.74583493231351
"Pacific halibut","Pleurogrammus monopterygius","(60,80]",5,0.195541650371529,0.337392552820264
"Walleye pollock","Anomura","(60,80]",1,0.124378109452736,0.0620437374829794
"Pacific halibut","Anoplopoma fimbria","(80,280]",1,0.0896860986547085,0.00335702586835938
"Pacific cod","Non-teleost fish","(60,80]",1,0.032626427406199,0.0064711094418888
"Walleye pollock","Anomura","(20,40]",33,1.36532892014894,1.4027899415662
"Arrowtooth flounder","Anomura","(20,40]",16,0.350877192982456,0.105503189872314
"Pacific cod","Ophiurida","(20,40]",7,0.385887541345094,0.0116578818539127
"Pacific halibut","Gammaridea","(80,280]",6,0.538116591928251,0.00172185213814021
"Arrowtooth flounder","Anomura","(0,20]",1,0.123152709359606,0.027815405840679
"Walleye pollock","Cephalopoda","(0,20]",1,0.0560224089635854,0.095290610952576
"Pacific halibut","Sebastolobus sp.","(60,80]",4,0.156433320297223,0.44235649143406
"Walleye pollock","Annelida","(60,80]",3,0.373134328358209,0.124351490870142
"Walleye pollock","Caprellidae","(40,60]",4,0.056980056980057,0.0023626267547285
"Walleye pollock","Anomura","(0,20]",2,0.112044817927171,0.20011028300041
"Pacific cod","Atheresthes stomias","(20,40]",6,0.330760749724366,0.243595327790235
"Walleye pollock","Agonidae","(40,60]",4,0.056980056980057,0.00588614912474336
"Arrowtooth flounder","Trichodon trichodon","(40,60]",3,0.0624869818787753,0.138084998460346
"Arrowtooth flounder","Holothuroidea","(40,60]",1,0.0208289939595918,0.0254526703981496
"Arrowtooth flounder","Chionoecetes bairdi","(20,40]",3,0.0657894736842105,0.0155540961488263
"Arrowtooth flounder","Chionoecetes sp.","(20,40]",1,0.0219298245614035,0.00673875108018521
"Arrowtooth flounder","Cephalopoda","(0,20]",1,0.123152709359606,0.00519220909026008
"Pacific cod","Decapoda","(0,20]",1,0.268817204301075,0.0152693319285548
"Pacific halibut","Chionoecetes opilio","(40,60]",7,0.289136720363486,0.036620497775002
"Pacific cod","Aves","(60,80]",3,0.097879282218597,0.0227596411934793
"Walleye pollock","Lithodidae","(0,20]",2,0.112044817927171,0.00101643318349414
"Walleye pollock","Hippolytidae","(0,20]",15,0.840336134453782,0.404603934104638
"Walleye pollock","Invertebrate","(0,20]",1,0.0560224089635854,0.00101643318349414
"Pacific cod","Gadidae","(20,40]",1,0.0551267916207277,0.132870178794674
"Pacific cod","Thecosomata","(0,20]",4,1.0752688172043,0.281337440783622
"Arrowtooth flounder","Mollusca","(20,40]",2,0.043859649122807,0.0230257627543489
"Walleye pollock","Cnidaria","(40,60]",13,0.185185185185185,0.0352877265169203
"Walleye pollock","Cnidaria","(60,80]",2,0.248756218905473,0.0347656142628031
"Walleye pollock","Caprellidae","(20,40]",3,0.124120810922631,0.00319549926892567
"Walleye pollock","Pleurogrammus monopterygius","(40,60]",1,0.0142450142450142,0.00583364630797161
"Pacific cod","Liminda aspera","(40,60]",1,0.0186636804777902,0.0037017720148683
"Arrowtooth flounder","Gammaridea","(60,80]",2,0.327868852459016,0.00104798962215084
"Arrowtooth flounder","Lepidopsetta polyxystra","(60,80]",5,0.819672131147541,1.46067560606417
"Pacific halibut","Lepidopsetta polyxystra","(80,280]",1,0.0896860986547085,0.0292061250547266
"Pacific cod","Chaetognatha","(0,20]",3,0.806451612903226,0.0244309310856877
"Pacific halibut","Anomura","(20,40]",8,0.677966101694915,0.65581700479982
"Walleye pollock","Trichodon trichodon","(60,80]",1,0.124378109452736,0.601956261536992
"Walleye pollock","Unid","(20,40]",52,2.15142738932561,0.252741167177242
"Walleye pollock","Mollusca","(20,40]",3,0.124120810922631,0.00978735776082377
"Pacific cod","Ctenophora sp.","(60,80]",1,0.032626427406199,0.00649835621848622
"Arrowtooth flounder","Echinodermata","(40,60]",2,0.0416579879191835,0.00226983630973981
"Walleye pollock","Ctenophora sp.","(40,60]",27,0.384615384615385,0.375676613352333
"Walleye pollock","Ctenophora sp.","(0,20]",2,0.112044817927171,0.0381162443810304
"Walleye pollock","Hippoglossus stenolepis","(40,60]",1,0.0142450142450142,0.0014584115769929
"Pacific halibut","Cyclopteridae","(60,80]",3,0.117324990222917,0.232802913042111
"Walleye pollock","Mollusca","(40,60]",10,0.142450142450142,0.00620991649483578
"Walleye pollock","Ctenophora sp.","(60,80]",16,1.99004975124378,1.05496531057016
"Pacific halibut","Clupeoidei","(20,40]",1,0.0847457627118644,0.24200414772617
"Walleye pollock","Isopoda","(20,40]",6,0.248241621845263,0.0221265499378325
"Pacific cod","Anomura","(0,20]",2,0.537634408602151,1.183373224463
"Pacific cod","Chionoecetes opilio","(40,60]",5,0.0933184023889511,0.0170799760766023
"Pacific halibut","Trichodon trichodon","(60,80]",6,0.234649980445835,0.213386878740794
"Pacific halibut","Fish Eggs","(40,60]",2,0.0826104915324246,0.0306468295786708
"Walleye pollock","Hippoglossoides elassodon","(60,80]",2,0.248756218905473,0.0126727634007788
"Pacific halibut","Lithodidae","(20,40]",2,0.169491525423729,0.217803732953553
"Pacific cod","Appendicularia","(60,80]",2,0.065252854812398,0.00203669655065763
"Arrowtooth flounder","Unid Eggs","(60,80]",1,0.163934426229508,0.0110963607051266
"Pacific cod","Cyclopteridae","(20,40]",1,0.0551267916207277,0.0442900595982246
"Pacific halibut","Agonidae","(80,280]",1,0.0896860986547085,0.000671405173671876
"Pacific halibut","Unid Eggs","(80,280]",1,0.0896860986547085,0.0124209957129297
"Pacific halibut","Tunicata","(80,280]",1,0.0896860986547085,0.00234991810785157
"Arrowtooth flounder","Non-teleost fish","(40,60]",2,0.0416579879191835,0.00413594679363658
"Arrowtooth flounder","Cyclopteridae","(20,40]",2,0.043859649122807,0.00814350583708182
"Arrowtooth flounder","Unid Eggs","(20,40]",3,0.0657894736842105,0.00193652568805806
"Pacific cod","Mollusca","(80,280]",1,0.531914893617021,4.67694155087098e-05
"Walleye pollock","Fish Eggs","(20,40]",2,0.0827472072817542,9.1299979112162e-05
"Walleye pollock","Non-teleost fish","(40,60]",1,0.0142450142450142,0.00459983011383562
"Walleye pollock","Agonidae","(60,80]",1,0.124378109452736,0.00909270774005877
"Walleye pollock","Caprellidae","(0,20]",1,0.0560224089635854,0.00101643318349414
"Walleye pollock","Echinodea","(40,60]",2,0.0284900284900285,0.000140007511391319
"Walleye pollock","Octopoda","(60,80]",1,0.124378109452736,0.0106345606204869
"Pacific cod","Chionoecetes opilio","(60,80]",4,0.130505709624796,0.0223975315324995
"Pacific cod","Lepidopsetta polyxystra","(60,80]",1,0.032626427406199,0.00147541295275065
"Pacific cod","Chionoecetes opilio","(20,40]",1,0.0551267916207277,0.0121650030363123
"Pacific cod","Chionoecetes sp.","(80,280]",1,0.531914893617021,0.134228222509997
"Pacific halibut","Amphipoda","(40,60]",1,0.0413052457662123,7.29217166823678e-05
"Pacific cod","Gadus macrocephalus","(40,60]",4,0.0746547219111609,0.309900013844725
"Pacific cod","Sebastolobus sp.","(60,80]",3,0.097879282218597,0.0761465665568279
"Pacific cod","Holothuroidea","(60,80]",7,0.228384991843393,0.0430315154497306
"Pacific cod","Clupeoidei","(20,40]",2,0.110253583241455,0.129533660971607
"Pacific cod","Isopoda","(0,20]",2,0.537634408602151,0.0278665307696125
"Pacific halibut","Caprellidae","(40,60]",2,0.0826104915324246,0.00221130178696261
"Pacific halibut","Copepoda","(40,60]",1,0.0413052457662123,1.7737714868684e-05
"Pacific cod","Chionoecetes sp.","(0,20]",1,0.268817204301075,0.00114519989464161
"Walleye pollock","Echinodermata","(20,40]",1,0.0413736036408771,0.000182599958224324
"Pacific halibut","Copepoda","(20,40]",2,0.169491525423729,0.00146626042445856
"Pacific halibut","Unid Eggs","(40,60]",4,0.165220983064849,0.131456175749025
"Pacific halibut","Fish Eggs","(60,80]",2,0.0782166601486116,0.00435063667537375
"Pacific cod","Chaetognatha","(20,40]",4,0.220507166482911,0.0145419029014171
"Pacific halibut","Echinodea","(60,80]",3,0.117324990222917,0.0383669357399321
"Pacific halibut","Clypeasteroida","(40,60]",1,0.0413052457662123,0.000672062307802362
"Pacific cod","Pholidae","(60,80]",3,0.097879282218597,0.0102924698596779
"Pacific cod","Pholidae","(20,40]",2,0.110253583241455,0.0257915780393661
"Walleye pollock","Invertebrate","(40,60]",7,0.0997150997150997,0.00191635281216867
"Walleye pollock","Sebastolobus sp.","(60,80]",1,0.124378109452736,0.298179562184157
"Pacific cod","Trichodon trichodon","(40,60]",2,0.0373273609555804,0.0314650621263806
"Walleye pollock","Osmeridae","(0,20]",14,0.784313725490196,3.71430096078348
"Walleye pollock","Tunicata","(40,60]",37,0.527065527065527,0.16488217924851
"Arrowtooth flounder","Rajidae","(40,60]",1,0.0208289939595918,0.0471013463483558
"Pacific cod","Echinodea","(40,60]",3,0.0559910414333707,0.0214085814859883
"Walleye pollock","Tunicata","(20,40]",3,0.124120810922631,0.0384601162009982
"Walleye pollock","Ammodytidae","(0,20]",1,0.0560224089635854,0.190581221905152
"Walleye pollock","Tunicata","(60,80]",4,0.497512437810945,0.127097256273644
"Pacific cod","Tunicata","(40,60]",5,0.0933184023889511,0.0108585312436137
"Walleye pollock","Tunicata","(0,20]",1,0.0560224089635854,0.0127054147936768
"Arrowtooth flounder","Teleostei unid","(80,280]",1,14.2857142857143,0.0330823485820905
"Walleye pollock","Chionoecetes sp.","(40,60]",3,0.0427350427350427,0.00128048536459977
"Pacific cod","Offal","(20,40]",2,0.110253583241455,0.0206686944791715
"Walleye pollock","Ophiurida","(20,40]",2,0.0827472072817542,0.00344657421148412
"Pacific cod","Aves","(40,60]",3,0.0559910414333707,0.0038086298336975
"Arrowtooth flounder","Appendicularia","(20,40]",3,0.0657894736842105,0.0150654857986014
"Pacific halibut","Crustacea","(20,40]",5,0.423728813559322,0.0217519022191522
"Pacific halibut","Appendicularia","(60,80]",1,0.0391083300743058,2.34915587223205e-05
"Arrowtooth flounder","Unid","(60,80]",5,0.819672131147541,0.0096291752341154
"Pacific cod","Salmonidae","(60,80]",1,0.032626427406199,0.00136233882987133
"Pacific halibut","Mollusca","(80,280]",5,0.448430493273543,0.00544442455330525
"Pacific halibut","Crustacea","(80,280]",4,0.358744394618834,0.00449331198428167
"Pacific halibut","Holothuroidea","(60,80]",1,0.0391083300743058,0.00321990964887273
"Pacific halibut","Lepidopsetta polyxystra","(40,60]",1,0.0413052457662123,0.00502174416504522
"Arrowtooth flounder","Trichodon trichodon","(60,80]",1,0.163934426229508,0.190487525438006
"Pacific cod","Gastropod","(0,20]",3,0.806451612903226,0.255570443154186
"Pacific cod","Cyclopteridae","(80,280]",3,1.59574468085106,2.6255180631202
"Pacific cod","Ctenophora sp.","(40,60]",2,0.0373273609555804,0.051578023407165
"Walleye pollock","Pleuronectiformes","(0,20]",2,0.112044817927171,0.063527073968384
"Pacific cod","Lepidopsetta bilineata","(40,60]",2,0.0373273609555804,0.0252954421016001
"Pacific cod","Lepidopsetta bilineata","(20,40]",1,0.0551267916207277,0.155015208593786
"Pacific cod","Lithodidae","(80,280]",1,0.531914893617021,0.100320396266183
"Pacific cod","Ctenophora sp.","(20,40]",1,0.0551267916207277,0.00369083829985205
"Pacific halibut","Polychaeta","(0,20]",3,3.40909090909091,1.23492099161398
"Pacific halibut","Chionoecetes bairdi","(0,20]",1,1.13636363636364,0.136872963503948
"Pacific halibut","Cyclopteridae","(0,20]",1,1.13636363636364,0.904995863167894
"Pacific halibut","Cumacea","(40,60]",5,0.206526228831062,0.025137889511899
"Arrowtooth flounder","Myctophidae","(20,40]",1,0.0219298245614035,0.0245119525696163
"Pacific halibut","Mysidacea","(60,80]",2,0.0782166601486116,9.24001309744605e-05
"Pacific halibut","Unid Eggs","(60,80]",3,0.117324990222917,0.00228546764636265
"Arrowtooth flounder","Macrouridae","(40,60]",2,0.0416579879191835,0.267939373084504
"Pacific halibut","Echinodea","(40,60]",3,0.123915737298637,0.00461968929468838
"Arrowtooth flounder","Gastropod","(20,40]",1,0.0219298245614035,0.00549279468711169
"Pacific halibut","Hexagrammidae","(60,80]",2,0.0782166601486116,0.0756041885226397
"Pacific halibut","Mysidacea","(80,280]",1,0.0896860986547085,1.34281034734375e-05
"Arrowtooth flounder","Chionoecetes sp.","(40,60]",1,0.0208289939595918,0.00107749937075001
"Pacific halibut","Cumacea","(0,20]",1,1.13636363636364,0.00919296023533978
"Pacific halibut","Trichodon trichodon","(40,60]",1,0.0413052457662123,0.00538044017683416
"Pacific halibut","Bivalvia","(0,20]",2,2.27272727272727,1.42593027650381
"Pacific halibut","Myctophidae","(60,80]",1,0.0391083300743058,0.00819437771698366
"Pacific halibut","Atheresthes stomias","(20,40]",2,0.169491525423729,0.0380800644216179
"Arrowtooth flounder","Sebastolobus sp.","(40,60]",1,0.0208289939595918,0.024394011565939
"Pacific halibut","Hexagrammidae","(80,280]",1,0.0896860986547085,0.121753957004005
"Walleye pollock","Decapoda","(60,80]",1,0.124378109452736,5.28031808365782e-05
"Walleye pollock","Myctophidae","(20,40]",1,0.0413736036408771,0.136949968668243
"Pacific cod","Osmeridae","(0,20]",6,1.61290322580645,12.031851826403
"Pacific cod","Bivalvia","(0,20]",2,0.537634408602151,0.127498921603433
"Walleye pollock","Ctenophora sp.","(20,40]",2,0.0827472072817542,0.282459310378251
"Arrowtooth flounder","Chaetognatha","(0,20]",4,0.492610837438424,0.139077029203395
"Pacific cod","Salmonidae","(80,280]",2,1.06382978723404,1.84856114798176
"Arrowtooth flounder","Hippolytidae","(60,80]",1,0.163934426229508,0.00246585793447257
"Arrowtooth flounder","Teuthida","(0,20]",1,0.123152709359606,0.139077029203395
"Walleye pollock","Cnidaria","(20,40]",2,0.0827472072817542,0.0515844881983715
"Arrowtooth flounder","Agonidae","(40,60]",3,0.0624869818787753,0.00673773544906957
"Pacific halibut","Anoplopoma fimbria","(40,60]",2,0.0826104915324246,0.512422873984206
"Pacific halibut","Salmonidae","(60,80]",4,0.156433320297223,0.696133190138097
"Arrowtooth flounder","Cyclopteridae","(40,60]",2,0.0416579879191835,0.0148032802809118
"Pacific halibut","Crustacea","(60,80]",3,0.117324990222917,0.00339583532197099
"Pacific cod","Chaetognatha","(60,80]",1,0.032626427406199,0.000539486176629045
"Pacific halibut","Hexagrammidae","(40,60]",1,0.0413052457662123,0.190187720536446
"Pacific cod","Amphipoda","(0,20]",1,0.268817204301075,0.190866649106935
"Pacific cod","Chaetognatha","(40,60]",2,0.0373273609555804,9.48887559811241e-05
"Arrowtooth flounder","Cnidaria","(40,60]",1,0.0208289939595918,0.000448584250936722
"Walleye pollock","Lepidopsetta bilineata","(40,60]",1,0.0142450142450142,0.000437523473097871
"Pacific cod","Hippoglossoides elassodon","(80,280]",1,0.531914893617021,0.852372597646237
"Walleye pollock","Teuthida","(0,20]",3,0.168067226890756,0.0298577247651405
"Pacific cod","Stichaeidae","(80,280]",3,1.59574468085106,0.114949869437307
"Pacific cod","Ctenophora sp.","(80,280]",1,0.531914893617021,0.0210462369789194
"Pacific cod","Non-teleost fish","(40,60]",1,0.0186636804777902,0.000402259225615689
"Walleye pollock","Bivalvia","(0,20]",1,0.0560224089635854,0.000127054147936768
"Pacific cod","Lepidopsetta polyxystra","(20,40]",1,0.0551267916207277,0.0236656551786513
"Pacific cod","Lepidopsetta polyxystra","(40,60]",2,0.0373273609555804,0.0359392705683514
"Walleye pollock","Cottidae","(0,20]",1,0.0560224089635854,0.0102913859828782
"Walleye pollock","Gastropod","(0,20]",1,0.0560224089635854,0.00113078191663724
"Pacific cod","Liminda aspera","(60,80]",1,0.032626427406199,0.0503288833919364
"Pacific cod","Hippoglossoides elassodon","(20,40]",3,0.165380374862183,0.097113337345707
"Pacific halibut","Lepidopsetta polyxystra","(60,80]",3,0.117324990222917,0.119563681342399
"Pacific halibut","Paralithodes camtschaticus","(80,280]",1,0.0896860986547085,0.00945338484530002
"Arrowtooth flounder","Hippoglossoides elassodon","(0,20]",1,0.123152709359606,0.46359009734465
"Arrowtooth flounder","Mollusca","(0,20]",1,0.123152709359606,0.0155766272707802
"Walleye pollock","Gadidae","(20,40]",3,0.124120810922631,0.177441509404487
"Walleye pollock","Aves","(40,60]",1,0.0142450142450142,0.000245013144934808
"Walleye pollock","Ophiurida","(60,80]",1,0.124378109452736,2.11212723346313e-05
"Walleye pollock","Lithodidae","(40,60]",2,0.0284900284900285,5.25028167717445e-05
"Pacific halibut","Salmonidae","(40,60]",1,0.0413052457662123,0.0684084536768915
"Pacific halibut","Echinodea","(80,280]",2,0.179372197309417,0.0156101702878711
"Pacific halibut","Hippoglossoides elassodon","(20,40]",2,0.169491525423729,0.128119842913855
"Pacific cod","Lepidopsetta sp.","(20,40]",1,0.0551267916207277,0.00738167659970409
"Pacific halibut","Atheresthes stomias","(0,20]",1,1.13636363636364,0.510720013074432
"Pacific cod","Atheresthes stomias","(80,280]",3,1.59574468085106,1.42244734175268
"Pacific halibut","Cnidaria","(20,40]",2,0.169491525423729,0.0494684949028495
"Pacific cod","Sebastolobus sp.","(40,60]",1,0.0186636804777902,0.00308481001239025
"Pacific cod","Annelida","(80,280]",2,1.06382978723404,0.0155952616013793
"Pacific cod","Echinodea","(80,280]",1,0.531914893617021,0.00584149999703786
"Walleye pollock","Fish Eggs","(40,60]",6,0.0854700854700855,7.5837402003631e-05
"Pacific cod","Lepidopsetta bilineata","(60,80]",1,0.032626427406199,0.10830593697477
"Walleye pollock","Ophiurida","(40,60]",1,0.0142450142450142,2.91682315398581e-06
"Pacific halibut","Unid Eggs","(20,40]",1,0.0847457627118644,0.0782954595584668
"Walleye pollock","Non-teleost fish","(60,80]",1,0.124378109452736,0.000116166997840472
"Walleye pollock","Mollusca","(0,20]",1,0.0560224089635854,0.00127054147936768
"Arrowtooth flounder","Cnidaria","(20,40]",1,0.0219298245614035,0.00203587645927046
"Pacific halibut","Myctophidae","(80,280]",1,0.0896860986547085,0.00302132328152344
"Walleye pollock","Non-teleost fish","(20,40]",1,0.0413736036408771,0.000570624869451013
"Arrowtooth flounder","Brachyura","(60,80]",1,0.163934426229508,0.000277409017628164
"Pacific halibut","Appendicularia","(40,60]",1,0.0413052457662123,0.000423734299640786
"Pacific halibut","Chionoecetes opilio","(80,280]",1,0.0896860986547085,0.00414256992155548
"Arrowtooth flounder","Crustacea","(60,80]",1,0.163934426229508,7.32359806538354e-05
"Arrowtooth flounder","Bathylagidae","(20,40]",1,0.0219298245614035,0.0554654182563643
"Pacific cod","Anoplopoma fimbria","(80,280]",1,0.531914893617021,1.42377788485448
"Walleye pollock","Octopoda","(20,40]",1,0.0413736036408771,0.00209989951957973
"Walleye pollock","Clupeoidei","(20,40]",1,0.0413736036408771,0.0183512958015446
"Walleye pollock","Clupeoidei","(0,20]",1,0.0560224089635854,0.191216492644836
"Walleye pollock","Salmonidae","(40,60]",1,0.0142450142450142,0.0630325483576333
"Pacific cod","Lithodidae","(20,40]",1,0.0551267916207277,0.00797221072768042
"Pacific cod","Echinodermata","(80,280]",1,0.531914893617021,0.0203914651617975
"Arrowtooth flounder","Majidae","(40,60]",1,0.0208289939595918,0.00449301985738221
